,english,persian
0,abnormal return ,"بازدۀ غیرعادی
← alpha; excess return"
1,absolute form of purchasing power parity,برابری قدرت خرید مطلق
2,absolute priority rule (APR),"قاعدۀ اولویّت مطلق
(مقّدم‌بودن مطالبات بستانکاران بر مطالبات صاحبان سهام)
 ← bankruptcy "
3,absolute return investment ,"سرمایه‌گذاری بازدهْ مطلق
← managed future account"
4,accounting break-even,نقطۀ سربه‌سر حسابداری (ارزیابی پروژه)
5,accounts payable period ,دورۀ حساب‌های پرداختنی
6,accounts receivable period ,دورۀ حساب‌های دریافتنی
7,accruals ,"معوّقات
← accrual basis"
9,active share,سهام فعال (موجود در سبد مدیریت صندوق سرمایه‌گذاری مشترک)
10,actual forward exchange rate,نرخ ارز تحویل آیندۀ واقعی (قیمت بازار معاملات ارز تحویلْ آینده)
11,actuarial ,بیمه‌سنجی
12,actuarial science ,علم بیمه‌سنجی
13,actuary,بیمه‌سنج 
14,adapted process,فرآیند غیرپیش‌بینانه
15,additional paid - in capital,"سرمایۀ پرداخت‌شدۀ اضافی (صرف سهام)
مترادف paid - in surplus, share premium
←  paid - in capital "
16,adjustment costs ," هزینه‌های تعدیل (هزینۀ فرصت ناشی از نگهداری وجه نقد کمتر از حد لازم نقدینگی)
مترادف shortage costs"
17,adjustment credit ,"اعتبار تنظیم‌گر (وام کوتاه‌مدت فدرال رزرو)
← extended credit"
18,adjustment rate preferred stock (ARPS),سهام ممتاز سودْ متغیر (قابل‌تعدیل با تغییرات نرخ بهره)
19,advising bank ,بانک مشاور
20,aggregator,تجمیع‌کننده
21,AIG,"ای‌ آی جی (شرکت معظم بیمه در امریکا که در ایجاد بحران مالی ۲۰۰۸ نقش کلیدی داشت و با مساعدت دولت امریکا طی برنامۀ نجات مالی از ورشکستگی نجات یافت)
مخفف American International Group"
22,all - or- nothing project,پروژۀ صفر و صد
23,all equity firm ,"شرکت غیراهرمی
مقابل debt - equity firm"
24,allocative efficiency,کارایی تخصیصی
25,amateur investor,"سرمایه‌گذار غیرحرفه‌ای
←professional investor"
26,ambiguity ,ابهام
27,ambiguity-aversion bias,سوگیری ابهام‌گریزی
28,American option,اختیار معاملۀ امریکایی
29,anchoring and adjustment bias,سوگیری تکیه‌گاه و تعدیل
30,announcement effect,اثر اعلام (تأثیر اطلاعاتی و روانی تغییر نرخ تنزیل)
31,anomaly ,ناهنجاری (بازار)
32,arbitrage ,آربیتراژ (خرید و فروش هم‌زمان یک دارایی از دو بازار به منظور کسب‌ سود از ما‌به‌التفاوت قیمت‌ها)
33,arbitrage instruments and processes,ابزارها و فرایندهای آربیتراژ
34,arbitrage trade,معاملۀ آربیتراژ
35,arithmetic return,بازدۀ حسابی 
36,Asian dollar market,بازار دلار آسیایی
37,ask quote,مظنۀ فروش
38,asymmetric information,اطلاعات نامتقارن
39,auction market,"بازار حراج
مقابل dealer market"
40,autoregressive conditional heteroscedasticity (ARCH),آرچ (مدل‌های سری زمانی مالی)
41,availability bias,سوگیری دسترسی
42,average accounting return method,روش میانگین بازدۀ حسابداری
43,backward vertical FDI,سرمایه‌گذاری مستقیم خارجی عمودی رو به پایین (مواد خام)
44,bail in ,نجات از درون (ورشکستگی)
45,balance on goods and services ,"موازنۀ کالا و خدمات
← balance of trade"
46,bank line,خط اعتباری بانکی (وام کوتاه‌مدت بانکی)
47,Bank of England   (BoE),بانک مرکزی انگلستان
48,Bank of Japan   (BoJ),بانک مرکزی ژاپن
49,bank panic,"هراس بانکی (هجوم گسترده به بانک‌ها) 
← bank run"
50,bank run ,هجوم به بانک‌ها (برداشت هم‌زمان سپرده‌های بانکی)
51,bankruptcy costs ,هزینه‌های ورشکستگی
52,basis,پایه (۱. اساس محاسبۀ عایدی یا زیان سرمایه‌ای ۲. مابه‌التفاوت قیمت نقدی کالا و قیمت قرارداد آتی آن)
53,basis risk,"ریسک پایه (عدم‌همسویی قیمت قرارداد آتی با دارایی مبنا)
← basis"
54,Basle Agreement ,توافق‌نامۀ بال
55,Bear Stearns,بیر استرن (بانک سرمایه‌گذاری مستقر در نیویورک، ورشکسته در جریان بحران مالی ۲۰۰۸)
56,bearer securities,اوراق بهادار بی‌نام
57,behavioral portfolio,"سبد رفتاری (مالی رفتاری: لایه‌های حسابداری ذهنی)
←hope for riches; mental accounting; fear of poverty"
58,benchmark portfolio ,سبد سرمایه‌گذاری مرجع
59,Berkshire Hathaway,برکشایر هاثووی (شرکت وارن بافت)
60,bet,شرط‌بندی
61,bid quote,مظنۀ خرید
62,"""bird in the hand"" dividend theory ","نظریۀ تقسیم سود دست به نقد (ترجیح سود سهام نسبت به عایدی سرمایه‌ای نزد سهامداران)
"
63,Black Swan theory,نظریۀ قوی سیاه (نسیم طالب)
64,Black-Scholes option pricing model,مدل قیمت‌گذاری اختیار معاملۀ بلک - شولز
65,block houses,کارگزاری معاملات بلوکی (بورس نیویورک)
66,bond futures,قرارداد آتی قرضه 
67,bond portfolio management ,مدیریت سبد سرمایه‌گذاری اوراق قرضه
68,bond portfolio performance evaluation ,ارزیابی عملکرد سبد اوراق قرضه
69,book to market value (BTM),ارزش دفتری به ارزش بازار
70,bootstrapping company,شرکت نوپای خودساخته
71,BOT annuity,بی او تی با اقساط مساوی
72,BOT annuity,اقساط مساوی بی او تی
73,bottom line,"سود خالص (اصطلاح غیررسمی)
مترادف net income
مقابل top line"
74,bounded rationality,عقلانیت محدود
75,bracketed order,سفارش دو وجهی (محدود و زیان‌گریز)
76,breakeven analysis,تحلیل نقطۀ سربه‌سر
77,bridge bank,بانک واسط (حل‌وفصل بحران مالی)
78,brokerage commission,کارمزد کارگزاری
79,brokerage commission,حق‌الزحمۀ کارگزاری
80,brokerage company,شرکت‌ کارگزاری
81,Bundes bund (bond),"قرضۀ دولتی آلمان (معادل قرضۀ خزانه‌داری امریکا)
← Treasury bonds"
82,Bundesbank ,"بانک مرکزی آلمان
کوتاه‌شدۀ Deutsche Bundesbank"
83,Buttonwood Agreement (The), قرارداد باتن وود (منعقده در سال ۱۷۹۲ به منظور ایجاد بورس نیویورک)
84,buy and sell orders,سفارش‌های خرید و فروش
85,buying on the dip,خرید در بازار کاهشی
86,call auction,"حراج با وقت قبلی (انجام سفارشات خرید و فروش اوراق بهادار در زمان از پیش تعیین‌شده)
مترادف the calls
← continuous auction"
87,call markets ,"بازارهای با زمان معین 
مقابل  continuous markets"
88,cannibalization,هم‌جنس‌خواری (بازاریابی)
89,capital adequacy requirements,"الزامات کفایت سرمایه
← capital adequacy ratio"
90,capital intensity ratio,نسبت شدت سرمایه
91,capital lease,"اجارۀ سرمایه‌ای (بلندمدت)
مترادف  finance lease"
92,capital structure,"ساختار سرمایه 
← capitalization ratio; par value"
93,capitalization of income method of valuation ,روش ارزشیابی بر اساس سرمایه‌ای‌کردن درآمد
94,caps,قراردادهای سقف
95,carrying charge,"1. هزینۀ نگهداری (کالا)
۲. هزینۀ نگهداری (حساب اعتباری کارگزاری) 
 ← margin account
۳. هزینۀ نگهداری (وجوه نقدی بازار) 
مترادف shortage costs
۴. هزینۀ فروش اقساطی (خرده‌فروشی)"
96,cash breakeven analysis,تحلیل نقطۀ سربه‌سر (ارزیابی پروژه)
97,cash concentration,تمرکز نقدی
98,cash cycle ,چرخۀ نقدی (فاصلۀ بین پرداخت نقدی و دریافت نقدی)
99,cash discount ,"تخفیف نقدی
مترادف sales discount"
100,cash matching,"تطبیق نقدی (مدیریت سبد سرمایه‌گذاری اوراق قرضه)
 ← immunization"
101,cash settlement,"تسویۀ نقدی (قرارداد آتی در حال سررسید)
← settlement by offset"
102,cash trading ,خرید و فروش نقدی 
103,cash-and-carry arbitrage,آربیتراژ مواضع عینی - عاریتی
104,centralized market,"بازار متمرکز 
مقابل  decentralized market"
105,characteristic timing,مشخصۀ بازاربینی
106,checking deposit,سپردۀ دیداری (حساب جاری)
107,clearing and settlement house,اتاق پایاپای و تسویه
108,clientele effect,"اثر سرمایه‌گذار (تأثیر رویکرد سهامداران نسبت به سیاست تقسیم سود روی قیمت سهام)
← dividend policy"
109,closed - end management company,"شرکت مدیریت صندوق سرمایه‌گذاری با سرمایۀ ثابت
مترادف  closed - end fund"
110,closely held shares (CLSH),سهام شرکت تحت کنترل خاص
111,clustering,خوشه‌بندی
112,cofinancing agreements,قراردادهای تأمین مالی مشترک (بانک‌ جهانی به همراه سایر آژانس‌ها و وام‌دهندگان)
113,cognitive biases ,"سوگیری‌های شناختی (علوم شناختی)
مقابل sentiment (emotional) biases"
114,cognitive dissonance,سوگیری ناهماهنگی شناختی
115,cognitive psychology,روان‌شناسی شناختی
116,cognitive science,علوم شناختی
117,cognitive skills,مهارت‌های شناختی
118,cointegration,هم‌انباشتگی
119,cointegration and error correction method,هم‌انباشتگی و روش تصحیح خطا (مدیریت ریسک)
120,collection policy,سیاست وصول مطالبات
121,commitments of traders (COT) report,"گزارش تعهدات معامله‌گران
        ←  Commodity Futures Trading Commission (CFTC "
122,commodity price risk,ریسک قیمت کالاهای اساسی
123,comparative static analysis,تحلیل تطبیقی ایستا
124,composition problem,"مشکل ترکیب (مشکلات ناشی از رفتار جمعی)
←  banking panics; price level instability; stock market crash "
125,compound,مرکب
126,concentration banking,بانکداری متمرکز
127,conditional distributions,"توزیع‌های شرطی
مقابل unconditional distributions"
128,conditional efficiency,کارایی شرطی
129,conditional value at risk (CVaR),ارزش در معرض ریسک شرطی
130,confirmation bias,سوگیری تأییدگرایانه
131,conservatism bias,سوگیری محافظه‌کاری (علوم رفتاری)
132,consolidation ,"تلفیق (انحلال شرکت‌های ادغام‌کننده و ادغام‌شونده و ایجاد شرکت جدید)
← merger"
133,constant conditional correlation (CCC),مدل‌های همبستگی شرطی ثابت
134,constant dividend payout ratio ,"نسبت پرداخت سود سهام ثابت (سیاست تقسیم سود)
← dividend policy"
135,consumption commodities,کالاهای اساسی مصرفی
136,containment phase ,مرحلۀ مهار (حل‌وفصل بحران بانکی)
137,contingent immunization,"مصون‌سازی احتیاطی
(به جای مدیریت فعال سبد سرمایه‌گذاری)
  ←   bond portfolio management"
138,contingent planning,برنامه‌ریزی احتیاطی
139,continuous compound return,بازدۀ مرکب پیوسته
140,continuous market,"بازار دایمی (بدون وقفه)
مترادف continuous auction
مقابل call market"
141,contract leverage multiplier,ضریب اهرم قرارداد
142,controlled disbursement account,حساب کنترل پرداخت‌ها
143,convenience yield,بازدۀ در دسترس
144,convergence principle,اصل همگرایی
145,convertible preferred stock ,سهام ممتاز تبدیل‌پذیر
146,corporate finance services,خدمات مالی شرکت‌ها
147,corporate finance valuation,ارزشیابی مالی شرکت‌ها
148,cost cutting,هزینه‌کاهی
149,cost of contracting ,هزینۀ عقد قرارداد
150,cost of debt financing,"هزینۀ بدهی
← cost of equity; interest expense"
151,cost of preferred stock,هزینۀ سهام ممتاز
152,counter-party risk,ریسک طرف معامله
153,counter-purchase,خرید متقابل
154,counter-trade ,تجارت متقابل
155,coupon bond,قرضۀ کوپن‌دار
156,covenant,میثاق‌نامه (قرارداد رسمی بدهی)
157,covered interest arbitrage,"آربیتراژ بهرۀ پوششی 
مقابل uncovered interest arbitrage 
← actual forward exchange rate; implicit forward exchange rate "
158,covered interest rate parity,برابری نرخ بهرۀ پوشش‌یافته
159,credit instrument ,سند بدهی (نظیر سفته)
160,credit substitution ,"معین اعتباری
← technology of financial system"
161,credit trading ,"خرید و فروش نسیه (مبادلۀ ارزش با قول)
مقابل cash trading"
162,crisis resolution,حل‌وفصل بحران (بانکی)
163,cross - border mergers,ادغام‌های فرامرزی
164,crowdfunding,تأمین مالی جمعی
165,crowding - out effect,اثر تزاحم (افزایش نرخ بهره به دلیل افزایش وام‌گیری دولت و در نتیجه کاهش سرمایه‌گذاری خصوصی و تنگ‌شدن عرصه بر بخش خصوصی)
166,cumulative prospect theory,نظریۀ چشم‌انداز انباشته
167,curbside traders,"معامله‌گران کنار خیابان 
← American Stock Exchange "
168,currency cocktail bond ,اوراق قرضۀ مختلط ارزی
169,currency diversification ,تنوع ارزی
170,currency premium ,"صرف ارز
← expectation theory"
171,currency ratio,نسبت ارزی (تقسیم مبلغ ارز در اختیار عموم به کل سپرده‌های دیداری)
172,current liability ,"بدهی جاری
مترادف temporary source of financing "
173,daily cash settlement,تسویۀ نقدی روزانه
174,daily settlement ,تسویۀ روزانه (قرارداد آتی)
175,daily settlement price,قیمت تسویۀ روزانه 
176,date of payment ,تاریخ پرداخت (سود سهام)
178,dealer loan ,وام معامله‌گر (اعطایی بانک به معامله‌گران به منظور خرید اوراق بهادار)
179,dealer market for swap,بازار معامله‌گران سوآپ (بازار داخلی)
180,debt - equity firm,"شرکت‌های اهرمی 
مقابل all-equity firm"
181,debt refunding,تأمین مجدد بدهی
182,decentralized market ,بازار غیرمتمرکز
183,dedicated portfolio ,"سبد سرمایه‌گذاری تطبیق نقدی
←  cash matching"
184,default - free,بدون نکول
185,default premium ,صرف نکول (مابه‌التفاوت بازدۀ تعهد‌شده و بازدۀ مورد انتظار)
186,defensive investor,"سرمایه‌گذار محافظه‌کار
مترادف passive investor
مقابل enterprising investor"
187,defensive open market operation,عملیات بازار باز تدافعی
188,defensive strategy,راهبرد تدافعی
189,delivery against payment (DAP),تحویل در برابر پرداخت (تحویل اوراق بهادار هم‌زمان با پرداخت وجه آن)
190,delivery month,ماه تحویل
191,delivery period,"دورۀ تحویل
مترادف delivery time "
192,density forecasting approach,رویکرد پیش‌بینی چگالی
193,deposit rich bank,بانک‌‌های پرسپرده
194,depository institutions,نهادهای سپرده‌پذیر
195,depository transfer checks,"چک‌های انتقالی سپرده‌گذاری (از بانک‌های محلی به بانک‌های متمرکز)
← concentration banking"
196,derivative instrument ,"ابزار مشتقه
مترادف derivative security"
197,direct lending,"وام‌دهی مستقیم (بدون واسطه)
مقابل  indirect lending"
198,discounted cash flow valuation,"ارزشیابی بر اساس جریان نقدی تنزیل‌شده 
← relative valuation"
199,discounted payback period method,روش دورۀ برگشت سرمایۀ تنزیل‌شده (تصمیم‌گیری مالی)
200,discriminant analysis,تحلیل افتراقی
201,disposition effect,اثر تمایلی
202,distribution fee,کارمزد سالیانه (صندوق‌های سرمایه‌گذاری مشترک)
203,dividend payment date ,تاریخ پرداخت سود سهام
204,dividend policy,سیاست تقسیم سود سهام
205,documents against acceptance,اسناد حمل در برابر پذیرش
206,documents against payments,اسناد حمل در برایر پرداخت
207,domestic market,بازار داخلی
208,dot.com,سهام دات‌کام (سهام شرکت‌های نرم‌افزاری که در اواخر قرن بیستم بورس را دچار بحران کرد)
209,double-entry bookkeeping,دفترداری دوطرفه
210,downside deviation,"انحراف رو به پایین
مقابل upside deviation
← downside risk"
211,downside movements,"حرکات رو به پایین
مقابل upside movements"
212,downside volatility ,"تلاطم رو به پایین
مقابل upside volatility"
213,Du Pont,دوپون (شرکت بیش‌رشته‌ای امریکایی)
214,dummy variable,متغیر بدلی
215,duration ,"دیرش (معیار اندازه‌گیری حساسیت قیمت اوراق قرضه به تغییرات نرخ بهره)
کوتاه‌شدۀ duration gap"
216,dynamic conditional correlation (DCC),مدل‌های همبستگی شرطی پویا
217,dynamic hedging,ریسک‌پناهی پویا (ایجابی در زمان انتظار نوسانات نامناسب ارزی و سلبی در زمان انتظار نوسانات مناسب)
218,dynamic hedging,ریسک‌پناهی پویا
219,dynamic open market operations,"عملیات بازار باز پویا
مقابل defensive open market operations"
220,earnings before interest and taxes (EBIT),"عایدی قبل از بهره و مالیات 
مترادف operating income, operating profit"
221,"earnings before interest, taxes, depreciation and amortization (EBITDA)",عایدی قبل از بهره، مالیات و انواع استهلاک (دارایی‌های ثابت و نامشهود، بدهی)
224,economic capital,سرمایۀ اقتصادی
225,effective yield,بازدۀ مؤثر 
226,efficiency seeking investment,سرمایه‌گذاری کارایی‌جو 
227,efficient - market hypothesis (EMH),فرضیۀ بازار کارآ
228,efficient convexity,تحدب کارآ
229,efficient diversification,تنوع‌ کارآ
230,efficient set ,"مجموعۀ کارآ
مترادف  efficient frontier"
231,efficient set theorem,قضیۀ مجموعۀ کارآ
232,elasticity of substitution,کشش جایگزینی
233,electronic trading,معاملات الکترونیکی 
234,embedded option,اختیار معاملۀ تبعی
235,emerging market stocks,سهام بازار نوظهور
236,E-mini futures,قراردادهای آتی کوچک الکترونیک
237,emotional intelligence ,هوش هیجانی
238,endowment bias ,"سوگیری خودداشته
مترادف endowment effect "
239,English auction,حراج انگلیسی
240,enterprise risk management,مدیریت ریسک بنگاه
241,enterprising investor,"سرمایه‌گذار جسور
مترادف  active investor
مقابل   defensive investor, passive investor"
242,equal weighting index ,"شاخص هم‌وزن (نظیر شاخص ترکیبی ولیولاین)
← market index"
243,equilibrium exchange rate,نرخ ارز تعادلی
244,equity injection,تزریق سرمایه
245,equity risk,ریسک حق مالی
246,equity swap,"سوآپ سهام
"
247,equivalent annual cost (EAC),هزینۀ معادل سالانه (ارزش فعلی هزینه‌های پروژه)
248,erosion ,"سایش (تأثیر منفی راه‌اندازی محصول جدید روی جریان نقدی محصول موجود)
← cannibalization"
249,error-driven volatility ," تلاطم ناشی از خطا (واکنش بیشتر یا کمتر از حد قیمت سهام به وقایع واقعی اقتصادی)
← event-driven volatility   "
250,Eurex Exchange (EUREX),یورِکس (بزرگ‌ترین بازار آتی و مشتقۀ اروپایی موسوم به بورس اوراق مشتقۀ اروپایی) 
251,Euro market,بازار اروپایی (بازار فراساحل اوراق بهادار بلندمدت)
252,Eurobanks,"بانک‌های اروپایی
← Eurocurrency market"
253,Eurobond,اوراق قرضۀ اروپایی (به پول‌ ملی ناشر اما خارج از بازار داخلی ناشر)
254,Eurocurrency market,"بازار پول اروپایی
مترادف Euromoney"
255,Eurodollar certificate of deposit,"گواهی سپردۀ یورو دلار 
کوتاه‌شده: Euro CDs"
256,Eurodollar deposits,سپردۀ یورودلار
257,Eurodollar interbank market,بازار بین‌بانکی یورودلار
258,European option ,اختیار معاملۀ اروپایی
259,event - driven volatility,"تلاطم ناشی از رویداد (واکنش قیمت سهام به اخبار اقتصادی)
← error-driven volatility"
260,event risk,ریسک رویداد
261,excess reserves,"اندوختۀ‌ مازاد (اضافه بر اندوختۀ قانونی بانک‌ها نزد بانک مرکزی)
← required reserves"
262,excess speculation,فراسفته‌بازی
263,exchange rate premium,صرف نرخ ارز
264,exogenous shock,شوک برون‌زا
265,expectation theory,نظریۀ انتظار (تأثیر انتظارات ناظر بر اطلاعات جدید راجع به شرکت روی قیمت سهام آن)
266,expectation theory of the currency structure ,"نظریۀ انتظاری ترکیب ارز (بی‌تفاوتی وام‌دهندگان و وام‌گیرندگان نسبت به نوع ارز)
← implicit forward exchange rate"
267,expected spot price,قیمت تحویل آنی مورد انتظار
268,expected yield ,"بازدۀ مورد انتظار 
مقابل   promised yield"
269,explanatory variables,متغیرهای توضیحی
270,explicit interest,"بهرۀ عینی (قراردادی)
←  implicit interest"
271,exponential rate of decay,نرخ زوالِ نمایی
272,exponentially weighted moving average (EWMA),میانگین متحرک موزون نمایی
273,exposure,پهنۀ ریسک
274,extended credit ,"اعتبار ممتد (اعتبار بلندمدت‌تر اعطایی فدرال رزرو به بانک‌ها)
مقابل adjustment credit"
275,external market,"بازار خارجی
مقابل  domestic market"
276,externality,برون‌ریز (هزینه)
277,externally efficient market,"بازار کارآی بیرونی
مترادف  informational efficiency
مقابل   internally efficient market"
278,face value,ارزش صوری (مشهور به ارزش اسمی)
279,factor analysis,تحلیل عامل
280,factor models,مدل‌های عاملی
281,fair bid price ,بهترین قیمت خرید (بالاترین قیمت پیشنهادی برای خرید اوراق بهادار)
282,fair offer price,بهترین قیمت فروش (پایین‌ترین قیمت پیشنهادی برای فروش اوراق بهادار)
283,Fama and French,فاما و فرنچ
284,fat tail distribution,توزیع دم‌کلفت
285,fear of poverty,"فقرهراسی
← hope for riches"
286,Federal Home Loan Bank System ,نظام بانکی وام مسکن فدرال 
287,Federal Reserve System (FED),نظام فدرال رزرو (فد)
288,filtered historical simulation (FHS),شبیه‌سازی تاریخی پالایش‌شده
289,filtered probability space,فضای احتمال پالایش‌شده
290,finance company,"شرکت تأمین منابع مالی (غیر سپرده‌پذیر)
مترادف finance house
← captive finance company"
291,financial break - even,نقطۀ سربه‌سر مالی (ارزیابی پروژه)
292,financial derivatives,مشتقه‌های مالی
293,financial engineering,مهندسی مالی
294,financial hierarchy,سلسله مراتب مالی
295,financial investment,"سرمایه‌گذاری مالی
←  real investment"
296,Financial Market Infrastructures (FMIs),زیرساخت‌های بازار مالی
297,financial resilience ,تاب‌آوری مالی
298,financial resources ,منابع مالی
299,financial security ,امنیت مالی
300,financial structure,ساختار مالی
301,financial system efficiency ,کارایی نظام مالی
302,financialization,مالی‌سازی
303,financialization of commodities,مالی‌سازی کالاهای اساسی
304,first-order moving average,میانگین متحرک مرتبۀ اول
305,Fisher equation,معادلۀ فیشر (ارتباط نرخ بهرۀ واقعی مورد انتظار با نرخ بهرﮤ اسمی و نرخ تورم مورد انتظار)
306,five Cs of credit,"پنج حرف ارزیابی اعتباری (capacity, capital, character, collateral, conditions)"
307,fixed - charge coverage ratio (FCCR),نسبت پوشش هزینه‌های ثابت (بهره، اجارۀ بلندمدت و امثال آن)
308,fixed - income instrument,ابزار درآمد ثابت
309,fixed - rate payer,"پرداخت‌کننده با نرخ ثابت (سوآپ)
مقابل floating - rate payer"
310,fixed markup over marginal cost,حاشیۀ سود ثابت مازاد بر هزینۀ نهایی
311,floating - rate payer,"پرداخت‌کننده با نرخ شناور (سوآپ)
مقابل  fixed - rate payer"
312,floating cost (flotation cost),هزینۀ انتشار (اوراق بهادار)
313,floor,کف (نرخ بهره، پذیره‌نویسی، قیمت‌گذاری، دستمزد، وام)
314,Forbes,فوربز (رسانۀ سرمایه‌گذاری، تجارت، فناوری، کارآفرینی و ...)
315,forecasting risk,"ریسک پیش‌بینی (تخمین اشتباهی جریان نقدی پروژه‌ها)
مترادف  estimation risk"
316,foreign developed market stocks,سهام بازار توسعه‌یافتۀ خارجی
317,forward  price / earnings ratio (P/E),نسبت قیمت به سود پیش‌بینی‌شده (قیمت جاری تقسیم بر سود پیش‌بینی‌شدۀ سال بعد)
318,forward contract,"قرارداد تحویل آینده (مبادلۀ قول با قول)
← hedge; replacement"
319,forward exchange rate,"نرخ ارز تحویل آینده
← forward trade"
320,forward forward contract,قرارداد تحویل آینده یورودلار 
321,forward rate,نرخ قرارداد تحویل‌آینده
322,forward trade,"معاملات ارزی تحویل آینده
مقابل  spot trade"
323,forward transaction,پیش‌معامله (توافق پیشاپیش طرفین قرارداد راجع به شرایط آن قبل از اجرا)
324,forward vertical FDI,"سرمایه‌گذاری مستقیم خارجی عمودی رو به بالا (بازار)
مقابل backward vertical FDI"
325,framing effect,اثر چارچوب  
326,framing error,خطای چارچوب
327,free lunch,ناهار مجانی (سود بدون ریسک)
328,frequency,فراوانی
329,funding,"۱. تأمین مالی مجدد
مترادف  refunding
۲. تأمین تعهدات (بازنشستگی یا طرح‌های رفاهی آینده) 
۳. تأمین مالی (از طریق اوراق قرضه)
۴. تأمین مالی پروژه"
330,futures contract specifications,مشخصات قرارداد آتی
331,futures curve,"منحنی قیمت تحویل آینده
مترادف forward price curve"
332,futures market efficiency ,کارآیی بازار آتی
333,futures price ,قیمت آتی
334,futures price as a leading indicator,قیمت آتی به منزلۀ شاخص مقدم
335,futures price spread,دامنک قیمت آتی
336,futures rate,نرخ آتی
337,gambler's ruin,پاکباختگی قمارباز (آمار احتمالات)
338,gap analysis ,تحلیل شکاف (مقایسۀ عملکرد واقعی نسبت به مورد انتظار)
339,gauge theory,نظریۀ پیمانه
340,generalized spectral approach,رویکرد طیف تعمیم‌یافته (آزمون تحلیل قراردادهای آتی)
341,generalized spectral test,آزمون طیف تعمیم‌یافته
342,geometric mean,"میانگین هندسی
مترادف  geometric return
مقابل  arithmetic mean"
343,good bank - bad bank separation,تفکیک بانک خوب از بد (روش حل‌وفصل بحران بانکی)
344,government bonds,قرضه‌های دولتی
345,Greek risk measures,سنجه‌های ریسک یونانی
346,green shoe provision,"شرط پذیره‌نویسی اضافی
مترادف  overallotment option"
347,greenfield investment,سرمایه‌گذاری از روی زمین
348,hedge / hedging,ریسک‌پناهی
349,hedger,ریسک‌پناه
350,hedging,ریسک‌پناهی
351,herding behavior,رفتار رمه‌ای
352,heuristic  shortcuts,"میان‌برهای مکاشفه‌ای
← intuition"
353,hidden Markov model (HMM),مدل مارکوف پنهان
354,high frequency trade (HFT),معاملات برنامه‌ای سفارش‌های پرشمار پرسرعت
355,high growth rate,نرخ رشد بالا
356,high minus low  (HML),"   (عملکرد بهتر سهام ارزشی نسبت به سهام رشدی (راهبرد سرمایه‌گذاری  
 capital asset pricing model (CAPM) ← "
357,hindsight bias,سوگیری پس‌گویی
358,historical based approach,رویکرد تاریخ‌محور
359,historical simulation,"شبیه‌سازی تاریخی 
← value at risk"
360,historical standard deviation,انحراف معیار تاریخی
361,historical volatility,تلاطم تاریخی
362,holding period return,"بازدﮤ دورۀ نگهداری
خلاصه‌شده: return"
363,holding period return ,بازدۀ دورۀ نگهداری (دارایی، سبد سرمایه‌گذاری)
364,home bias ,سوگیری میهن‌دوستی (مالی رفتاری)
365,homemade dividend policy,"سیاست سود سهام شخصی
مقابل corporate dividend policy"
366,homemade leverage,اهرم شخصی
367,hope for riches ,"در آرزوی ثروت
← fear of poverty"
368,horizontal FDI,سرمایه‌گذاری مستقیم خارجی افقی
369,hot hands,با دستان داغ (پیش‌بینی بازار آینده با استفاده از بازدهی گذشته مرتبط با صندوق‌های با بازدۀ بالا)
370,hybrid trading system,سامانۀ معاملاتی ترکیبی
371,hypothecation agreement,"قرارداد وثیقه‌گذاری (مجوز مشتری به کارگزار به ‌منظور توثیق اوراق بهادار نزد او به عنوان وثیقۀ وام بانکی)
←  margin account"
372,icy hands,با دستان یخی (پیش‌بینی بازار آینده با استفاده از بازدهی گذشته مرتبط با صندوق‌های با بازدۀ پایین)
373,ideal market,بازار ایده‌آل (قیمت‌های منصفانه)
375,illusion of control bias,سوگیری توهم کنترل
376,implicit forward exchange rate,نرخ ارز تحویل آیندۀ ضمنی 
377,implicit forward rate,نرخ ضمنی تحویل‌آینده
378,implicit interest,بهرۀ ضمنی (خدمات بدون هزینۀ بانک به سپرده‌گذاران)
379,implied volatility based approaches,رویکردهای مبتنی بر تلاطم‌ ضمنی
380,impulsive and addictive behavior,رفتار تکانشی و عادتی
381,impulsiveness,تکانش‌گری
382,income test,آزمون درآمد (استطاعت مالی متقاضیان وام رهنی)
383,independent projects,"پروژه‌های مستقل
مقابل   mutually exclusive projects"
384,indirect investment,سرمایه‌گذاری غیرمستقیم
385,indirect lending,وام‌دهی غیرمستقیم 
386,inefficient portfolio,"سبد ناکارآ
مقابل  efficient portfolio"
387,inflation premium,صرف تورم
388,information asymmetry,عدم‌تقارن اطلاعاتی
389,information cost,هزینۀ اطلاعات
390,information theory,نظریۀ اطلاعات
391,information trader,"معامله‌گر اطلاعاتی (تقارن اطلاعاتی) 
← liquidity trader"
392,informational efficiency,کارآیی اطلاعاتی
393,informational efficiency ,کارایی اطلاعاتی (انعکاس دقیق اطلاعات در قیمت‌های اوراق بهادار)
394,initial outlay,"مخارج سرمایه‌ای
کوتاه‌شدﮤ initial investment outlay"
395,initial public offering (IPO),"عرضۀ عمومی اولیه
مترادف  unseasoned offering
← general cash offer"
396,initial wealth,"ثروت اول دوره
مقابل terminal wealth"
397,instability of price levels,بی‌ثباتی سطح قیمت‌ها
398,institutionalization,نهادی‌شدن
399,integrated and holistic approach,رویکرد یکپارچه و کل‌گرا
400,integrated financial system,نظام مالی یکپارچه
401,interbank rate,نرخ بین‌بانکی
402,interest expense,"مخارج بهره
← cost of debt financing"
403,interest rate differential,تفاوت نرخ بهره
404,interest rate parity (IRP),"برابری نرخ بهره
←  covered interest arbitrage"
405,interest rate risk premium,صرف ریسک نرخ بهره
406,interest rate swap,سوآپ نرخ بهره
407,interest tax shield,سپر مالیاتی بهره
408,intermarket spread swap,"سوآپ دامنک بین بازاری
      ← bond swap"
409,intermediate term debt,بدهی میان‌مدت
410,intermediated market,بازار با واسطه
411,internal market,بازار داخلی
412,internally efficient market,"بازار کارآی درون‌زاد
مترادف operationally efficient market
مقابل externally efficient market"
413,International Accounting Standard Board (IASB),هیأت استاندارهای حسابداری بین‌المللی 
414,International Financial Reporting Standards (IFRS),استانداردهای گزارشگری مالی بین‌المللی (آی‌ اف آر اس)
415,international Fisher effect (IFE),اثر بین‌المللی فیشر (برابری بهرۀ واقعی در همۀ کشورهای جهان)
416,International Organization of Securities Commissions (IOSCO),سازمان بین‌المللی کمیسیون‌های اوراق بهادار (آیسکو)
417,intrinsic value,"ارزش ذاتی (تحلیل مالی، اختیار معامله)
مترادف  economic value"
418,intuition,شهود
419,inventory financing,"تأمین مالی با وثیقۀ موجودی
مترادف   inventory loan
←  finance company"
420,investment asset,دارایی سرمایه‌گذاری
421,investment environment,محیط سرمایه‌گذاری
422,investment fund,صندوق سرمایه‌گذاری (صندوق‌های سرمایه‌گذاری مشترک بازار پول، حفظ ارزش و قابل‌معامله در بورس)
423,investment policy,"سیاست‌ سرمایه‌گذاری 
←  investment process"
424,investment process,فرآیند سرمایه‌گذاری
425,investment timing decision ,تصمیم به سرمایه‌گذاری در وقت مناسب
426,investment valuation,ارزشیابی سرمایه‌گذاری
427,investment value,"ارزش سرمایه‌گذاری
مترادف  intrinsic value"
429,Irrational exuberance ,سرخوشی نامعقول
430,Jensen's  alpha,"آلفای جنسن
مترادف  Jensen's performance index
← Alpha"
431,laggards,"سهام ضعیف
مترادف weak stocks
مقابل leading stocks"
432,lapsed,منقضی‌ (اعتبارات تخصیص‌یافتۀ سال مالی)
433,law of demand,قانون تقاضا
434,law of one price,"قانون قیمت واحد
←  absolute form of purchasing power parity"
435,law of one price (the),قانون قیمت واحد
436,law of supply,قانون عرضه
437,leads and lags variables,متغیرهای مقدم و مؤخر
438,Lehman Brothers,لیمن برادرز (بانک سرمایه‌گذاری ورشکسته در بحران مالی جهانی ۲۰۰۸)
439,level coupon bond,قرضۀ با کوپن ثابت
440,likelihood - versus severity (LVS) analysis,تحلیل احتمال و شدت
441,limit order book,"دفتر سفارش به قیمت معین (بازارگردان متخصص)
← specialist's book"
442,limits to arbitrage,موانع آربیتراژ (نظریه)
443,liquidation and deposit payoff,تصفیه و پرداخت سپرده‌ها (حل‌وفصل بحران مالی)
444,liquidity imbalance,عدم توازن نقدشوندگی (تبدیل اوراق بهادار به وجه نقد و وجه نقد به اوراق بهادار)
445,liquidity management,مدیریت نقدینگی
446,liquidity preference theory,نظریۀ ترجیح نقدشوندگی
447,liquidity premium,صرف نقدینگی (بازدﮤ بیشتر اوراق بهادار بلندمدت نسبت به اوراق کوتاه‌مدت به منظور جبران تقبل ریسک بیشتر نرخ بهره توسط سرمایه‌گذاران بلندمدت)
448,liquidity trader,"معامله‌گر عادی (اوراق بهادار)
 مقابل   information trader"
449,living beyond means,هزینه‌کرد بیش از توان
450,loan certificate,گواهی وام (تسویۀ پرداخت‌های بین‌بانکی)
451,loan commitment,تعهد وام (بانک)
452,loan covenant,"قرارداد بدهی
مترادف  loan indenture"
453,loan participation,مشارکت در اعطای وام (اعطای وام‌های خیلی بزرگ توسط تعدادی بانک مشارکت‌کننده)
454,loanable fund theory of interest rate,نظریۀ نرخ بهره بر اساس وجوه وام‌دادنی
455,loanable funds market,بازار وجوه وام‌دادنی
456,loanable funds theory,نظریۀ وجوه وام‌دادنی (تعیین نرخ بهره)
457,loanable funds theory ,نظریۀ وجوه وام‌دادنی
458,location specific advantages (LSAs),مزایای خاص مکان 
459,lock - in a profit,تثبیت سود
460,log return,بازدۀ لگاریتمی
461,long - term debt,"بدهی بلندمدت (بدهی با سررسید حداقل ۱ سال، اوراق قرضۀ بلندمدت با سررسید حداقل ۱۰ سال)
←  intermediate - term debt"
462,long - term efficiency,کارایی بلندمدت
463,Long-Term Capital Management (LTCM),ال‌تی‌سی‌ام (شرکت مدیریت سرمایۀ بلندمدت متعلق به شولز و میلر برندگان نوبل، ورشکسته در سال ۱۹۸۸)
464,loss aversion bias,سوگیری زیان‌گریزی
465,Louis Bachelier,لوئی باشلیه (بنیان‌گذار نظریۀ کارایی بازارهای مالی)
466,lower tail dependence,"وابستگی دم پایین (نظریۀ احتمالات)
مقابل upper tail dependence"
467,Macaulay convexity,تحدب مکاولی
468,Macaulay duration,دیرش مکاولی
469,maintenance margin intraday,ودیعۀ نگهداری حساب طی روز (حداقل ودیعه)
470,managed futures account,حساب آتی‌های مدیریت‌شده (استفاده از اوراق بهادار دولتی، قراردادهای آتی و اختیار روی آتی به منظور مدیریت سبد سرمایه‌گذاری)
471,managed investment company,"شرکت سرمایه‌گذاری مدیریت‌شده 
مقابل unit investment trust"
472,margin call,"اخطار کسری ودیعه
مترادف  maintenance call"
473,margin purchase ,"خرید اعتباری (اوراق بهادار)
←  margin account"
474,marginal convenience yield,بازدۀ در دسترس نهایی
475,marginal revenue,"درآمد نهایی 
← incremental revenue"
476,market anomaly,ناهنجاری بازار
477,market broadening instruments,ابزارهای بازارگشا
478,market conduct,"رفتار بازار 
مترادف market behavior"
479,market crash ,سقوط بازار (ریزش با شیب تند، موسوم به سقوط آزاد، قیمت اوراق بهادار به دلیل سفارش‌های سنگین فروش)
480,market discount bond,اوراق قرضۀ با تخفیف (زیر قیمت اسمی در بازار ثانویه)
481,market internalization advantages,مزایای درونی‌سازی بازار
482,market opening,شروع معاملات بازار (بورس)
483,market penetration,نفوذ بازار
484,market segmentation theory,نظریۀ تقسیم‌بندی بازار (ناظر به رابطۀ نرخ بهرۀ کوتاه‌مدت و بلندمدت)
485,market timer,بازاربین (سبد سرمایه‌گذاری)
486,Martingale,مارتینگل (نظریۀ احتمالات)
487,Martingale difference hypothesis (MDH),فرضیۀ تفاضلی‌بودن مارتینگل (قیمت‌های قراردادهای آتی)
488,materials requirements planning (MRP),"برنامه‌ریزی مواد مورد نیاز (مدیریت موجودی‌ها)
←work - in - process"
489,maturity intermediation,واسطه‌گری در سررسید 
490,maximum likelihood estimation (MLE),برآورد درست‌نمایی بیشینه (روش آماری)
491,mean - extended Gini (MEG),ضریب جینی با میانگین بسط‌یافته
492,mean reversion,بازگشت به میانگین (قیمت سهام)
493,measuring in constant dollars,اندازه‌گیری به قیمت‌های ثابت (بر مبنای سال پایۀ معین به منظور مقایسه با قیمت‌های جاری)
494,medium - term notes (MTNs),"۱. اوراق خزانۀ میان‌مدت (۵ تا ۱۰ سال)
۲. اوراق بدهی میان‌مدت "
495,mental accounting bias,سوگیری حسابداری ذهنی
496,mental shortcuts,میان‌برهای ذهنی
497,mid quote,مظنۀ میانه
498,minimum acceptable return (MAR),حداقل بازدۀ مورد قبول
499,modified duration,دیرش تعدیل‌شده
500,modified internal rate of return (MIRR),"نرخ بازدۀ داخلی تعدیل‌شده
←  capital budgeting internal rate of return"
501,momentum investing,سرمایه‌گذاری تکانه‌ای
502,momentum strategy,راهبرد تکانه
503,monetary accommodation ,"مساعدت پولی (تعدیل اثر تزاحم از طریق سیاست پولی)
← crowding out effect"
504,monetary base,پایۀ پولی
505,monetary contraction,"انقباض پولی
مقابل   monetary expansion"
506,monetary expansion,"انبساط پولی
مقابل  monetary contraction"
507,money center bank,بانک مرکزْ پولی (بانک‌های بزرگ مستقر در مراکز عمدۀ مالی)
508,money multiplier,ضریب فزایندۀ پولی
509,moneyness,"ارزندگی پولی
←  at the money; in the money; out of the money"
510,monopolistic competition,رقابت انحصاری
511,Moody's Investors Service,خدمات سرمایه‌گذاری مودیز (مؤسسۀ رتبه‌بندی)
512,Morgan Stanley,مورگان استانلی (شرکت خدمات مالی)
513,mortgage insurance,بیمۀ رهن (پوشش وام‌دهنده در مقابل کاهش ارزش وثیقه)
515,multinational banking ,بانکداری چندملیتی (فعالیت برون‌مرزی بانک‌ها به پول محلی)
516,multiple expansion,افزایش نسبت قیمت به عایدی (پی به ای)
517,multiple rate of return,نرخ بازدۀ چندگانه
518,municipal bonds (munis),"اوراق قرضۀ شهرداری (بلندمدت)
← advance refunding; general obligation bond; hospital revenue bond; industrial development bond; limited tax bond; municipal investment trust; municipal revenue bond; special assessment bonds; taxable municipal bond; tax exempt security; underlying debt; yield burning "
519,mutual investment fund,صندوق سرمایه‌گذاری مشترک 
520,mutually exclusive projects,"پروژه‌های جمع‌ناشدنی
مقابل   independent projects"
521,natural monopoly,انحصار طبیعی
522,negative risk,ریسک منفی (تهدیدات)
523,negotiable certificate of deposit (NCD),"گواهی سپردۀ قابل‌انتقال
مترادف  jumbo certificate of deposit"
524,net advantage to leasing (NAL),مزیت خالص نسبت به اجارۀ بلندمدت (خرید یا اجاره)
525,net capital flow,خالص جریان سرمایه
526,net convenience yield ,بازدۀ در دسترس خالص
527,net futures position,خالص موضع آتی
528,net income ,"سود خالص (کسب‌وکار)
  مترادف   bottom line, net earnings, net profit "
529,net income approach to valuation,رویکرد ارزشیابی بر اساس سود خالص
530,net income to net worth ratio,"نسبت سود خالص به ارزش ویژه
← return on equity"
531,net operating income approach to valuation ,رویکرد ارزشیابی بر اساس خالص سود عملیاتی 
532,netting ,"خالص‌کردن (کاهش ماندۀ نقدی از طریق کاهش رقم معاملات با انجام معاملات متقابل)
← technology of financial system"
533,neurofinance,مالی عصبی
534,no-arbitrage principle,"اصل نه به آربیتراژ (نظریۀ قیمت‌گذاری اختیار معامله)
← law of one price"
535,nominal return,"بازدۀ اسمی
مقابل   real return"
536,non-benchmark assets,دارایی‌های غیرمرجع
537,nonparametric models,"مدل‌های ناپارامتریک
مقابل  parametric models"
538,non-systematic risk,"ریسک غیرنظام‌مند
مترادف   company-unique risk, diversifiable risk, firm specific risk 
مقابل   systematic risk
← alpha"
539,odds,احتمال رویداد (آمار)
540,off - the - run Treasuries,"اوراق بدهی خزانۀ ماقبل انتشار جدید
مقابل on - the - run Treasuries"
541,off- balance sheet credit substitution,"معین اعتباری خارج از ترازنامه (اوراق بهادار کردن، وام چندبانکی، اعتبار اسنادی احتیاطی)
← securization; standby letter of credit; syndication"
542,off- balancing sheet banking ,بانکداری خارج از ترازنامه
543,offshore banking ,"بانکداری فراساحل (فعالیت برون‌مرزی بانک‌ها با پول رایج خود)
مقابل   multinational banking"
544,omitted variable bias,سوگیری متغیر از قلم‌افتاده
545,on - the - run Treasury issues,"انتشار جدید اوراق بدهی خزانه
مقابل  off-the-run Treasuries"
546,one triggers other order,"سفارش ماشه‌چکان
← triggers"
547,open - bid auction,"حراج باز
مقابل   sealed - bid"
548,open - end (mutual) fund,"صندوق سرمایه‌گذاری با سرمایۀ متغیر
مقابل   closed - end fund
←        unit investment trust (UIT           "
549,open position ,موضع باز
550,operating cycle,چرخۀ عملیاتی
551,operating income return on investment,بازدۀ سود عملیاتی سرمایه‌گذاری
552,operating profit (or loss),"سود یا زیان عملیاتی
مترادف     net operating income (or loss), net operating profit (or loss), operating income (or loss      "
553,optimal capital structure,ساختار سرمایۀ بهینه
554,optimal hedge ratio,"نسبت ریسک‌پناهی بهینه
← minimum - variance hedge ratio"
555,optimal portfolio,سبد بهینه
556,optimism,بهینه‌بینی
557,option agreement ,"قرارداد اختیار معامله (بین مشتری و کارگزار)
← option contract"
558,option contract,"قرارداد اختیار معامله (بین خریدار و فروشنده)
← option agreement"
559,option disclosure document,"آیین‌نامۀ معاملات اختیار 
←  option agreement"
560,option intrinsic value ,"اختیار معامله به ارزش ذاتی
← in-the-money"
561,option on futures,اختیار معامله روی آتی‌
562,order - driven trading system,سامانۀ معاملاتی سفارش‌پایه
563,over optimism ,خوش‌بینی مفرط
564,over the counter (OTC) market,بازار خارج از بورس
565,overconfidence bias,سوگیری بیش‌اعتمادی
566,overdiversified,"بیش‌متنوع 
← diversification"
567,overleveraged firm,شرکت سنگین‌اهرم
568,overmargined,"مازادْ ودیعه (حساب اعتباری نزد کارگزار)
مترادف   unrestricted
مقابل   undermargined account"
569,overnight loan,وام یک‌شبه
570,overowned (stocks),بیش‌مالک (شرکت با تعداد سهامدار بیش از حد)
571,overpriced,بیش‌قیمت
572,ownership specific advantages ,مزیت‌های رقابتی مالکیت (مالکیت معنوی و از این قبیل)
573,parametric models,"مدل‌های پارامتریک
مقابل  nonparametric models"
574,pass - through security,"اوراق بهادار انتقال وجوه (از وام‌گیرندگان به سرمایه‌گذاران)
←    mortgage backed security"
575,passing the book ,دورگردانی دفتر معاملات (شرکت‌های کارگزاری)
576,passive management ,"مدیریت غیرفعال (اوراق قرضه، صندوق سرمایه‌گذاری مشترک)
مقابل   active management"
577,path - dependent option,اختیار متکی به قیمت‌های دوره (قیمت‌های مبنا در طول دورۀ قرارداد و نه قیمت در سررسید)
578,payment mechanism ,ساز‌وکار پرداخت
579,payroll,حقوق و دستمزد 
580,perfect capital market,بازار سرمایۀ کامل
581,performance margin,"وجه‌الضمان انجام تعهد (خریدار یا فروشندۀ قرارداد آتی)
مترادف  initial margin"
582,permanent financing,"1.  [مالی شرکت‌ها] تأمین مالی بلندمدت (اوراق قرضه، سهام عادی و ممتاز) ۲. [مستغلات] وام رهنی بلندمدت (۱۵، ۲۰ یا ۳۰ ساله)
کوتاه‌شدۀ permanent sources financing"
583,permanent investment ,سرمایه‌گذاری دایمی
584,perpetuity,"جریان نقدی دایمی (نظیر کنسول، اوراق قرضۀ دایمی انگلیس)
← consol"
585,pitch book,ابرازنامه (شرکت تأمین سرمایه)
586,point of sale (POS),کارت‌خوان فروش 
587,pooling,"تجمیع (دارایی‌ها یا بدهی‌ها به منظور کاهش ریسک یا افزایش نقدشوندگی)
←  technology of financial system"
588,portfolio change measure,معیار تغییر سبد
589,portfolio performance evaluation ,ارزیابی عملکرد سبد (سرمایه‌گذاری)
590,positive homogeneity,همگنی مثبت (مدیریت ریسک)
591,post - trade,پس از معامله
592,pre - trade,پیش‌ از معامله
593,precautionary motive,"انگیزۀ احتیاطی (نگهداری نقدینگی)
←  speculative motive"
594,precious metals,فلزات گرانبها
595,prediction overconfidence,بیش‌اعتمادی در پیش‌بینی‌
596,preferred habitat theory,نظریۀ ترجیح زمان سررسید (ساختار زمانی قرضه)
597,prepayment risk,ریسک پرداخت پیش از موعد
598,price - weighted index,"شاخص موزون قیمت (نظیر شاخص صنعتی داو جونز)
←  market index"
599,price / earnings ratio (P/E),"نسبت قیمت به عایدی (معروف به پی به ایی)
مترادف multiple"
600,price discovery process,فرآیند کشف قیمت
601,price limit,حدّ قیمت
602,price relative index,"شاخص نسبی قیمت
کوتاه‌شده:  price relatives
مترادف  simple price index
←  market index"
603,primary dealer,"معامله‌گر مجاز (فدرال رزرو بانک نیویورک)
←  secondary dealer"
604,principal component analysis (PCA),تحلیل اجزای اصلی (مدل‌سازی عملکرد صندوق‌های سرمایه‌گذاری) 
605,principal risk,ریسک اصل سرمایه
606,principle of price-time priority,اصل اولویت قیمت و زمان
607,private equity,سرمایۀ خالص (سرمایه‌گذاری در سهام شرکت‌های سهامی خاص که در بورس و بازارهای عمومی معامله نمی‌شوند)
608,profitability index (PI),شاخص سودآوری (ارزیابی پروژه)
609,projected economic profit,سود اقتصادی پیش‌بینی‌شده
610,promised yield,بازدۀ تعهد‌شده
611,prospect theory,"نظریۀ چشم‌انداز (ارائه‌شده توسط کانمن و تورسکی، بدیل ""نظریۀ مطلوبیت مورد انتظار"")"
612,protective put,اختیار فروش حمایتی (خرید سهام و اختیار فروش آن به منظور کاهش ریسک)
613,pseudo-observations,شبه‌مشاهدات
614,psychology of money,روان‌شناسی پول
615,public offering,"1. عرضۀ عمومی (اوراق بهادار جدید)
مترادف  public issue
←  underwrite
۲. عرضۀ ثانویه
←  secondary offering"
616,publicly traded firm,شرکت‌ سهامی عام
617,purchase & assumption (P&A),خرید و تقبل مسئولیت (روش حل‌وفصل بحران بانکی)
618,purchasing power risk,"ریسک قدرت خرید (اوراق بهادار با درآمد ثابت)
"
619,pure discount security ,"اوراق بهادار صرفاً تخفیفی
←  zero- coupon security"
620,pure expectation theory,نظریۀ انتظار محض (نرخ بهره)
621,pure play approach ,رویکرد تک‌رشته‌ای (در فعالیت تجاری)
622,put - call parity (PCP),"برابری قیمت اختیار خرید با اختیار فروش
←   arbitrage"
623,put option,اختیار فروش (اختیار معامله)
624,puttable bond,"قرضه با حق بازخرید (قبل از سررسید)
مترادف    put bond"
625,puttable bond ,قرضه با اختیار فروش تبعی
626,pyramid schemes,طرح‌های هرمی (شرکت‌های هرمی)
627,quality cycle,چرخۀ کیفیت (بازار اوراق بهادار)
628,quantile - based risk measures,سنجه‌های ریسک مبتنی بر چندک
629,quote - driven trading system,سامانۀ معاملاتی مظنه‌پایه
630,random diversification ,"تنوع‌ تصادفی
← efficient diversification"
631,random walk model,مدل گشت تصادفی
632,random walk process,فرایند گشت تصادفی
633,randomness,تصادفی‌بودن
634,rank correlation,همبستگی رتبه‌ای
635,rate anticipation swap,"سوآپ با پیش‌بینی‌ تغییرات نرخ بهره (اوراق قرضه)
←  bond swap"
636,rational behaviour,رفتار عقلایی
637,rational expectations,انتظارات عقلایی
638,raw material inventory,موجودی مواد خام 
639,real investment ,"سرمایه‌گذاری واقعی (سرمایه‌گذاری در دارایی‌های واقعی)
مقابل   financial investment"
640,real option,"۱. انتخاب واقعی (گزینه‌هایی پیش روی شرکت‌هایی که در دارایی‌های واقعی سرمایه‌گذاری می‌کنند، مانند توسعه، توقف، کوچک‌سازی و غیره)
۲. اختیار معاملۀ واقعی (بر مبنای دارایی واقعی نه دارایی مالی)"
641,real return,"بازدۀ واقعی 
مقابل    nominal return"
642,realized volatility,"تلاطم تحقق‌یافته
← historical volatility"
643,recency bias,سوگیری تأخر (مالی‌رفتاری)
644,recency effect,"اثر تأخر
مترادف recency bias"
645,reciprocal loan,وام ضربدری (وام و اوراق بهادار)
646,recovery and normal banking system,مرحلۀ بازگشت به نظام بانکی عادی (بحران بانکی)
647,redemption fees,"کارمزد بازخرید (واحدهای صندوق سرمایه‌گذاری مشترک)
←  mutual fund share classes"
648,refinance position,"موقعیت بازتأمین مالی 
←  reinvestment position"
649,regime switching models,مدل‌های تغییر ساختاری
650,regret aversion bias,سوگیری پشیمان‌گریزی
651,regular cash dividend,سود سهام نقدی منظم
652,regulatory capital,"سرمایۀ مقرراتی
مترادف capital adequancy"
653,regulatory competition ,رقابت مقرراتی (بانک‌های امریکا)
654,regulatory risk costs,هزینه‌های ریسک نظارتی
655,reintermediation ,"واسطه‌گری مجدد (جایگزینی واسطۀ مالی با واسطۀ دیگر)
←   disintermediation"
656,reinvestment position,"موقعیت سرمایه‌گذاری مجدد
مقابل  refinance position"
657,relative valuation ,"ارزشیابی نسبی (شرکت‌ها)
مقابل   discounted cash flow valuation"
658,Renaissance Technologies,رنسانس تکنولوژی (صندوق‌ حفظ ارزش)
659,rente,رانت (اوراق قرضۀ دایمی دولت فرانسه)
660,replacement risk,ریسک جایگزینی (به دلیل نکول یکی از طرفین قرارداد تحویل آینده)
661,representative bias,"سوگیری نمایندگی
مترادف representativeness heuristic"
662,representativeness bias ,سوگیری تعمیم
663,resampling,نمونه‌برداری مجدد
664,reserve ratio,نسبت ذخیره (نسبت کل ذخایر نظام بانکی به سپرده‌های دیداری)
665,residual dividend,سود سهام باقی‌مانده (سیاست تقسیم سود)
666,residual dividend theory,نظریۀ سود سهام باقی‌مانده
667,resolution,۱. مصوبه (تصمیمات مجامع عمومی یا هیأت مدیرۀ شرکت‌ها)  ۲. مجوز نشر (اوراق قرضه)  ۳. حل‌وفصل (بحران بانکی)
668,Resolution Funding Corporation (REFCORP),"مؤسسۀ تأمین نقدینگی مؤسسات پس‌انداز و وام ورشکسته
← Resolution Trust Corporation"
669,Resolution Trust Corporation,"شرکت متولی حل‌وفصل بحران‌ مؤسسات پس‌انداز و وام
← Resolution Funding Corporation (REFCORP"
670,resource -seeking investment,"سرمایه‌گذاری متمرکز بر منابع (سرمایه‌گذاری مستقیم خارجی)
← foreign direct investment"
671,retail banking ,"بانکداری خرده‌فروشی
مترادف consumer banking"
672,retail deposit,"سپردۀ خرد
مقابل  wholesale deposit"
673,retail market,"بازار خرده‌فروشی (بازار معاملات اشخاص حقیقی)
←   wholesale market"
674,return on investment (ROI),بازدۀ سرمایه‌گذاری
675,return-based style analysis (RBSA),تحلیل سبک بازده‌محور (تکنیک آماری)
676,reversal strategy,راهبرد وارونه
677,reverse cash-and-carry arbitrage,آربیتراژ مواضع عینی - عاریتی معکوس
678,reverse convertibles,تبدیل‌پذیرهای معکوس (مانند تبدیل اوراق قرضۀ مبتنی بر سهام مشخص به آن سهام)
679,revolving credit,"اعتبار گردان 
مترادف open - end credit, revolver, revolving line of credit"
680,reward,پاداش
681,reward - to - volatility ratio,"نسبت پاداش به تلاطم
←  portfolio performance evaluation"
682,rho ,"رو (معیار اندازه‌گیری حساسیت ارزش اختیار معامله نسبت به تغییر نرخ بهرۀ بدون‌ریسک)
← theta; vega"
683,risk - adjusted assets,دارایی‌های تعدیل‌شده با ریسک
684,risk - adjusted measures of performance,"معیار عملکرد تعدیل‌شده با ریسک 
←  portfolio performance evaluation"
685,risk components,اجزای ریسک
686,risk- free asset,دارایی بدون‌ریسک
687,risk- free lending,وام‌دهی بدون‌ریسک
688,risk- free return,"بازدۀ بدون‌ریسک (سرمایه‌گذاری)
مترادف  riskless rate of return"
689,risk limits,حدود ریسک
690,risk map,نقشۀ ریسک
691,risk measures,معیارهای ریسک
692,risk response strategies,راهبردهای ریسک‌جواب (بیشینه‌کردن فرصت‌ها و کمینه‌کردن تهدیدات) 
693,roll forward,جلو‌راندن زمان قراداد (تحویل آینده، اختیار معامله، آتی)
694,rolling forward long position,جلوراندن موضع عینی
695,rolling forward short position ,جلوراندن موضع عاریتی
696,rolling futures position forward,جلوراندن موضع آتی
697,rolling hedge,جلوراندن ریسک‌پناهی
698,rolling return,بازدۀ جلوراندن (قراردادهای مشتقه)
699,rolling window,پنجرۀ غلتان (سری زمانی)
700,Salaf contract,قرراداد سلف
701,sampling,نمونه‌برداری
702,saving and loan association (S&L),"مؤسسۀ پس‌انداز و وام مسکن
← saving bank"
703,savvy investor,سرمایه‌گذار آگاه حرفه‌ای
704,scenario analysis,"تحلیل سناریو (ارزیابی پروژه)
←  what - if analysis"
705,search costs,هزینه‌های جستجو
706,seasoned equity offering (SEO),"عرضۀ ثانویه (سهام شرکت‌های سهامی عام موجود)
مترادف  capital increase, seasoned new issue 
مقابل  initial public offering, unseasoned offering"
707,secondary dealer,"معامله‌گر دست دوم 
مقابل primary dealer"
708,secondary reserves,ذخایر ثانویه (دارایی‌های نقدشو)
709,sector rotation,"چرخش صنعت به صنعت (استراتژی سرمایه‌گذاری سهام)
مترادف group rotation, sector selection"
710,Securities and Investment Board (SIB),"هیأت نظارت بر اوراق بهادار و سرمایه‌گذاری (جایگزین‌شده توسط سازمان نظارت بر خدمات مالی در سال ۱۹۹۷)
← (Financial Services Authority (FSA "
711,securities exchange,بورس اوراق بهادار
712,security analysis,"تحلیل اوراق بهادار (فرآیند سرمایه‌گذاری)
← investment process"
713,security market crash,سقوط بازار اوراق بهادار
714,security selection,اوراق‌گزینی (فرآیند انتخاب اوراق بهادار سبد سرمایه‌گذاری)
715,selective perception,ادراک گزینشی
716,self-attribution bias,سوگیری خوداسنادی
717,self-control bias,سوگیری خودبازداری
718,self-serving bias,سوگیری خودخدمتی
719,self-similarity,خودهمانندی 
720,semi parametric models,مدل‌های نیمه‌پارامتریک
721,semi strong - form efficiency ,کارایی نیمه‌قوی
722,semi strong - form efficient market,بازار کارآی نیمه‌قوی
723,sentiment (emotional) biases,"سوگیری‌های احساسی (علوم شناختی)
مقابل cognitive biases  "
724,serial correlation,"همبستگی پیاپی (تحلیل تکنیکی)
مترادف autocorrelation 
← technical analysis"
725,serial independence,استقلال زنجیره‌ای (سری زمانی)
726,settlement by offset,"تسویۀ جبرانی (خاتمۀ قرارداد آتی با انجام معاملۀ جبرانی به جای تحویل موضوع قرارداد)
مقابل  cash settlement"
727,shelf registration,"ثبت تمهیدی (مجوز اصولی انتشار اوراق بهادار جدید بدون تعیین تاریخ عرضه به منظور ایجاد آمادگی برای زمان انتشار)
مترادف  shelf offering"
728,short - run efficiency,کارایی کوتاه‌مدت
729,shortage costs,هزینه‌های کمبود (موجودی)
730,side effects,آثار جانبی
731,simple basis,پایۀ ساده
732,simple gross return,بازدۀ ناخالص ساده
733,simple moving average (SMA),میانگین متحرک ساده
734,simple return,بازدۀ ساده
735,simulation analysis,"تحلیل شبیه‌سازی (ترکیب الگوهای تحلیل حساسیت و تحلیل سناریو)
←  scenario analysis; sensivity analysis"
736,single stock futures (SSF),قرارداد آتی سهام
737,small firm effect ,"اثر شرکت‌های کوچک (نظریۀ مبتنی بر عملکرد بهتر شرکت‌های کوچک نسبت به شرکت‌های بزرگ)
← (small minus big (SMB"
738,small minus big (SMB),"کوچک و بزرگْ سرمایه (مدل قیمت‌گذاری سهام فاما و فرنچ)
← small firm effect"
739,small order execution system (SOES),سامانۀ الکترونیکی اجرای سفارش‌های کوچک (نزدک)
740,smoothing coefficient,ضریب هموارسازی
741,sources uses of funds statement,"صورت منابع و مصارف وجوه 
مترادف  statement of sources and applications of funds"
742,sovereign risk,"ریسک حکومتی (به واسطۀ نکول دولت وام‌گیرنده)
مترادف    country risk, political risk"
743,special offering,"عرضۀ ویژۀ بلوکی (ویژۀ شرکت‌های عضو بورس نیویورک)
←  special bid"
744,specific risk,"ریسک خاص (ریسک تغییر در ارزش بازار)
مقابل systematic risk"
745,spectral risk measures,معیار‌های ریسک طیفی
746,speculative - grade bonds,"قرضه با رتبۀ سفته‌بازانه
مقابل   investment - grade bonds"
747,speculative motive,انگیزۀ سفته‌بازانه (نگهداری نقدینگی)
748,spendings,مصارف
749,split up,تجزیۀ شرکتی (تقسیم یک شرکت به دو یا چند شرکت)
750,spontaneous sources of financing ,منابع مالی خودجوش (عملیات جاری شرکت)
751,spot - futures parity relationship,رابطۀ برابری قیمت تحویل آنی و آتی
752,spot exchange rate,"نرخ ارز تحویل آنی
←  spot trade "
753,spot price discovery,کشف قیمت تحویل آنی
754,spot trade,معاملات ارزی تحویل آنی
755,spot transaction ,معاملۀ تحویل آنی
756,squeeze,"۱. [مالی] دورۀ انقباضی
2. [سرمایه‌گذاری] اضطرار (بالارفتن قیمت آتی سهام و آتی کالایی و در نتیجه وادارشدن فروشنده‌های عاریتی به پوشش مواضع خود به منظور اجتناب از زیان‌های بیشتر)
←  selling short; short position
۳. [بازار اوراق بهادار] کمیابی مصنوعی 
مترادف  corner"
757,stable growth rate,"نرخ رشد پایا
مترادف   constant growth rate"
758,stand - alone principle,"اصل استقلال (رویکرد سرمایه‌گذاری ناظر به ارزیابی پروژه)
← incremental cash flows"
759,standard specification,مشخصات استاندارد
760,standard uniform distribution,توزیع استاندارد یکنواخت
761,standby fee,وجه پذیره‌نویسی احتیاطی (پرداختی به پذیره‌نویس)
762,standby letter of credit ,"اعتبار اسنادی احتیاطی (ناشر اوراق بهادار)
← off - balance sheet credit substitution"
763,static theory of capital structure,"نظریۀ ایستای ساختار سرمایه
← trade - off theory"
764,statistical finance,مالی آماری
765,status que bias,سوگیری حفظ وضعیت موجود
766,stochastic volatility models,مدل‌های تلاطم تصادفی
767,stock index ,شاخص سهام (میانگین موزون قیمت‌های سبد سهام مشخص)
768,stock index futures,قرارداد آتی شاخص سهام
769,stock repurchase plan (or program),"طرح (یا برنامۀ) بازخرید سهام (خرید سهام شرکت توسط خود شرکت) 
← treasury stock"
770,stockholder`s equity,"حقوق صاحبان سهام 
مترادف  owner's equity "
771,straight bond value,ارزش اوراق قرضۀ صرف (بدون امکان تبدیل به سهام)
772,strategic alliance,اتحاد راهبردی (بین شرکت‌ها)
773,strategic asset seeking investment,سرمایه‌گذاری مبتنی بر دارایی‌های راهبردی
774,strategic assets,دارایی‌های راهبردی (برند، سرمایۀ انسانی، شبکه‌های توزیع و ...)
775,strategic options,انتخاب‌های راهبردی (آینده‌نگری شرکت‌ها در رابطه با حوزۀ فعالیت‌های خود)
776,stress test,آزمون استرس
777,striking price,"قیمت اعمال
مترادف exercise price"
778,strong - form efficiency,کارایی قوی
779,strong - form efficient market,بازار کارآی قوی
780,subadditive,زیرجمع (مدیریت ریسک) 
781,subjective expected utility (SEU),مطلوبیت ذهنی مورد انتظار (تصمیم‌گیری توأم با ریسک)
782,substitution swap,"سوآپ جایگزینی (اوراق قرضه)
← bond swap"
783,sub-utility function,زیرتابع مطلوبیت
784,supposition,موقعیت‌های فرعی
785,suspension of convertibility,تعلیق تبدیل‌پذیری (امتناع موقتی بانک‌ها از تبدیل سپرده‌ها به وجه نقد)
786,swap bank,"بانک سوآپ (تنظیم‌کنندۀ قرارداد سوآپ سهام)
← equity swap"
787,swap contract,قرارداد سوآپ
788,swap market,بازار سوآپ
789,swing traders,(بورس) نوسان‌گیر
790,symmetric firms,بنگاه‌های متقارن
791,systematic risk,"ریسک نظام‌مند
مترادف  market risk, nondiversifiable risk
←  nonsystematic risk; portfolio beta score; portfolio theory"
792,tail,دُم (قیمت)
793,tail dependence measure,معیار وابستگی دُم‌ها
794,take profit order (T/P),"سفارشِ کسب سودْ معین
مترادف take profit paint"
795,target cash balance,"ماندۀ نقدی هدف (تطابق هزینۀ نگهداری وجوه نقدی مازاد با هزینۀ فرصت کسری وجوه)
←   (adjustment costs; carrying charge (costs "
796,tax- oriented lease,"اجارۀ بلندمدت مالیات‌محور
مترادف tax lease
←   financial lease"
797,tax relief,معافیت مالیاتی
798,technology of financial system,فناوری نظام مالی
799,temporary sources of financing,"منابع تأمین مالی موّقت
← current liability"
800,tendency for regret,پشیمان‌گرایی
801,term structure of interest rates,"ساختار زمانی نرخ‌های بهره
← yield to maturity"
802,term to maturity,زمان تا سررسید
803,terminal wealth,"ثروت پایان دوره
مقابل  initial wealth"
804,terms of sale,شرایط فروش
805,theoretical basis,پایۀ نظری
806,theory of storage,"نظریۀ ذخیره‌سازی (قراردادهای آتی)
← contango"
807,theta,تتا (اندازه‌گیری حساسیت ارزش اختیار معامله نسبت به تغییر تاریخ انقضا)
808,time - of - day - order,سفارش روزِ زمان مشخص
809,time effect,اثر زمان
810,time interest earned (TIE),"معیار توانایی پرداخت بهره 
مترادف interest coverage ratio"
811,time interest earned (TIE),"نسبت پوشش بهره
مترادف interest coverage ratio
← fixed charge coverage"
812,timing,"زمان‌شناسی (بازار)
کوتاه‌شدۀ market timing"
813,too big to fail doctrine,آموزۀ ممنوعیت ورشکستگی شرکت‌های بزرگ (به دلیل تأثیرگذاری آن‌ها روی اقتصاد ملی)
814,top line ,"درآمد یا فروش ناخالص
مقابل bottom line"
815,toxic assets,دارایی‌های سمّی
816,trade credit,اعتبارات تجاری
817,trade repositories (TRs),مراکز گردآوری آمار معاملات مشتقه‌های خارج از بورس
818,trading symbol,نماد معاملاتی
819,trading systems,سامانه‌های معاملاتی
820,traditional mutual funds,"صندوق‌های سرمایه‌گذاری مشترک متعارف (غیر از صندوق‌های قابل معامله در بورس)
مقابل   (exchange-traded funds (ETFs  "
821,trailing price / earnings ratio (P/E),نسبت قیمت به سود قبلی (قیمت جاری تقسیم بر سود سال قبل)
822,trailing stop - loss order ,سفارش زیان‌گریز خودکار
823,transaction costs,هزینه‌های معاملاتی
824,transaction motive,"انگیزۀ معاملاتی (نگهداری وجوه نقد)
←  precautionary motive; speculative motive"
825,transferable,قابل‌انتقال
826,"Treasuries

Treasury bills 
Treasury notes
Treasury bonds ","تعهدات خزانه

اسناد خزانه (کوتاه‌مدت)
اوراق خزانه (میان‌مدت)
قرضۀ خزانه (بلندمدت)"
827,Treasury - Federal Reserve Accord,توافق خزانه‌داری - فدرال رزرو (رفع مسئولیت حمایت از قیمت اوراق بهادار دولتی از فدرال رزرو)
828,Treasury Recommendations of        1991,طرح پیشنهادی سال ۱۹۹۱خزانه‌داری (توصیه‌های خزانه‌داری امریکا به کنگره در خصوص اصلاح نظام مالی در فوریه ۱۹۹۱)
829,trend analysis,روندیابی (تحلیل تکنیکال)
830,trigger,ماشه‌چکان
831,trophy asset,دارایی فاخر
832,trust bank,بانک امین
833,trust funds ,صندوق امانی
834,unbiased expectation hypothesis,فرضیۀ انتظارات فاقد سوگیری
835,uncertainty,نااطمینانی
836,unconditional distributions,"توزیع‌های غیرشرطی
مقابل conditional distributions"
837,uncovered interest parity (UIP),شرط برابری تفاوت نرخ بهره با ارز
838,underlevered firm,"شرکت سبک‌اهرم
مترادف   underleveraged firm
مقابل   overleveraged firm"
839,unfunded liability ,بدهی تأمین‌نشده
840,uniform distribution,توزیع یکنواخت
841,unlevered cost of capital ,هزینۀ سرمایۀ غیراهرمی
842,unrealized gain,عایدی تحقق‌نیافته (سرمایه‌گذاری)
843,unseasoned new issue,"عرضۀ اولیه
مقابل(seasoned equity offering (SEO 
← initial public offering"
844,unsystematic risk,"ریسک غیرنظام‌مند
مترادف non-systematic risk"
845,upper tail dependence,"وابستگی دم بالا (نظریۀ احتمالات)
مقابل lower tail dependence"
846,upside deviation,"انحراف رو به بالا
مقابل downside deviation
← downside risk"
847,upside movements,"حرکات رو به بالا
مقابل downside movements"
848,upside volatility,"تلاطم رو به بالا
مقابل  downside volatility"
849,upstairs market,"بازار درون‌کارگزاری (بازار معاملات بلوکی خارج از تالار بورس اوراق بهادار)
← block positioners; offboard"
850,usury ceiling ,حدّ ربوی (محدودیت‌ قانونی بانک‌ها در ارتباط با نرخ بهرۀ وام‌های اعطایی)
851,value additivity,ارزش‌افزایی (تأثیر خالص ارزش فعلی هر پروژه روی ارزش شرکت)
852,value at risk (VaR),ارزش در معرض ریسک
853,value at risk surfaces,سطوح ارزش در معرض ریسک
854,value creation,ارزش‌آفرینی
855,value drivers,پیشران‌های ارزش
856,value investor,سرمایه‌گذار ارزشی
857,Value Line Composite Index,شاخص ترکیبی ولیولاین
858,value premium,صرف ارزش (بازدۀ بیشتر سهام ارزشی نسبت به سهام رشدی)
859,value stock,سهام ارزشی
860,value weighting index,"شاخص موزون ارزش (نظیر شاخص S&P 500 Index)
←  market index"
861,variation margin,"ودیعۀ متغیر (حساب اعتباری نزد کارگزار)
← initial margin"
862,vega,"وگا (اندازه‌گیری حساسیت ارزش اختیار معامله نسبت به انحراف معیار بازدۀ دارایی مبنا)
←  theta"
863,venture capital (VC),"سرمایۀ ریسک‌پذیر
مترادف   risk capital"
864,venture capital fund,صندوق جسورانه 
865,vertical FDI,سرمایه‌گذاری مستقیم خارجی عمودی
866,volatility clustering,خوشه‌بندی تلاطم (سری زمانی بازدۀ دارایی‌های مالی)
867,volatility measures,معیارهای تلاطم (معیارهای آماری پراکندگی بازدۀ اوراق بهادار یا شاخص بازار)
868,volatility smile,لبخند تلاطم (شکل مشترک نمودار قیمت اعمال و تلاطم ضمنی یک گروه اختیار معامله با تاریخ انقضای یکسان)
869,"WACC   → weighted average cost of capital
",میانگین موزون هزینۀ سرمایه
870,war stocks,سهام جنگی (سهام شرکت‌هایی که از وقوع جنگ منتفع می‌شوند)
871,wavelet analysis,تحلیل موجک (برای تعیین نرخ بهینۀ پوشش ریسک)
872,weak - form efficiency,کارایی ضعیف
873,weak - form efficient market,بازار کارآی ضعیف
874,Weber-Fechner Law,قانون وبر - فچنر (مالی رفتاری)
875,weighted average cost of capital ,"میانگین موزون هزینۀ سرمایه
← cost of capital"
876,weighted historical simulation,شبیه‌سازی تاریخی موزون
877,what - if analysis,"تحلیل شرط و جزا (ارزیابی پروژه)
← scenario analysis"
878,white noise,اخلال سفید
879,wholesale bank,"بانک عمده‌فروشی
مقابل retail bank"
880,wholesale deposit,"سپردۀ عمده
مقابل retail deposit"
881,wholesale market,"بازار عمده‌فروشی (به معنای عام و به معنای بازار معاملات سرمایه‌گذاران نهادی با یکدیگر)
مقابل  retail market"
882,wild fluctuations ,نوسانات وحشی
883,wishful thinking,تفکر آرزومندانه (مالی رفتاری)
884,yield to maturity (YTM),"بازده تا سررسید (اوراق قرضه)
کوتاه‌شده: yield
مترادف  promised yield to maturity
←  duration; horizon analysis; yield to average life; yield to call"
885,zero - balance account (ZBA),"حساب بدون مانده (مدیریت پرداخت‌ها)
←  controlled disbursement account"
886,α- quantile,چندک آلفا (توزیع ارزش سبد اوراق بهادار)
